zcrm_3108913000115797364,,
zcrm_3108913000115836001,,
zcrm_3108913000115992166,,
zcrm_3108913000116007016,,
zcrm_3108913000116007017,,
zcrm_3108913000116010028,,
zcrm_3108913000116010029,,
zcrm_3108913000116110060,,
zcrm_3108913000116110207,,
zcrm_3108913000116113025,,
zcrm_3108913000116114054,,
zcrm_3108913000116126099,,
zcrm_3108913000116290251,,
zcrm_3108913000116298240,,
zcrm_3108913000116300537,,
zcrm_3108913000116301169,,
zcrm_3108913000116301202,,
zcrm_3108913000116310255,,
zcrm_3108913000116315401,,
zcrm_3108913000116319390,,
zcrm_3108913000116319411,,
zcrm_3108913000116568406,,
zcrm_3108913000116569204,,
zcrm_3108913000116569497,,
zcrm_3108913000116571191,,
zcrm_3108913000116571393,,
zcrm_3108913000116572072,,
zcrm_3108913000116580269,,
zcrm_3108913000116587041,,
zcrm_3108913000116593558,,
zcrm_3108913000116593559,,
zcrm_3108913000116593560,,
zcrm_3108913000116632028,,
zcrm_3108913000116632029,,
zcrm_3108913000116632030,,
zcrm_3108913000116737004,,
zcrm_3108913000116744144,,
zcrm_3108913000116746030,,
zcrm_3108913000116746081,,
zcrm_3108913000116763071,,
zcrm_3108913000117058006,,
zcrm_3108913000117106001,,
zcrm_3108913000117166053,,
zcrm_3108913000117177016,,
zcrm_3108913000117177263,,
zcrm_3108913000117180176,,
zcrm_3108913000117182261,,
zcrm_3108913000117208316,,
zcrm_3108913000117211023,,
zcrm_3108913000117222029,,
zcrm_3108913000117222108,,
zcrm_3108913000117299043,,
zcrm_3108913000117315020,,
zcrm_3108913000117562012,,
zcrm_3108913000117571034,,
zcrm_3108913000117576057,,
zcrm_3108913000117632074,,
zcrm_3108913000117670045,,
zcrm_3108913000117685175,,
zcrm_3108913000117685176,,
zcrm_3108913000117697013,,
zcrm_3108913000117697014,,
zcrm_3108913000117703018,,
zcrm_3108913000117711129,,
zcrm_3108913000117711130,,
zcrm_3108913000117849038,,
zcrm_3108913000117850042,,
zcrm_3108913000117939012,,
zcrm_3108913000118027451,,
zcrm_3108913000118027630,,
zcrm_3108913000118029115,,
zcrm_3108913000118029395,,
zcrm_3108913000118029610,,
zcrm_3108913000118030275,,
zcrm_3108913000118030322,,
zcrm_3108913000118030610,,
zcrm_3108913000118037418,,
zcrm_3108913000118037561,,
zcrm_3108913000118038078,,
zcrm_3108913000118039496,,
zcrm_3108913000118039580,,
zcrm_3108913000118039581,,
zcrm_3108913000118039592,,
zcrm_3108913000118040448,,
zcrm_3108913000118040648,,
zcrm_3108913000118040649,,
zcrm_3108913000118054048,,
zcrm_3108913000118055408,,
zcrm_3108913000118055409,,
zcrm_3108913000118071536,,
zcrm_3108913000118074337,,
zcrm_3108913000118083183,,
zcrm_3108913000118083474,,
zcrm_3108913000118083754,,
zcrm_3108913000118083826,,
zcrm_3108913000118084406,,
zcrm_3108913000118084448,,
zcrm_3108913000118087098,,
zcrm_3108913000118087099,,
zcrm_3108913000118087281,,
zcrm_3108913000118161021,,
zcrm_3108913000118162138,,
zcrm_3108913000118178040,,
zcrm_3108913000118187162,,
zcrm_3108913000118187163,,
zcrm_3108913000118211040,,
zcrm_3108913000118280234,,
zcrm_3108913000118282012,,
zcrm_3108913000118282155,,
zcrm_3108913000118282156,,
zcrm_3108913000118282316,,
zcrm_3108913000118289180,,
zcrm_3108913000118290097,,
zcrm_3108913000118290356,,
zcrm_3108913000118291014,,
zcrm_3108913000118291107,,
zcrm_3108913000118330096,,
zcrm_3108913000118330172,,
zcrm_3108913000118331007,,
zcrm_3108913000118332150,,
zcrm_3108913000118333203,,
zcrm_3108913000118340112,,
zcrm_3108913000118340117,,
zcrm_3108913000118340118,,
zcrm_3108913000118340119,,
zcrm_3108913000118340120,,
zcrm_3108913000118434018,,
zcrm_3108913000118437031,,
zcrm_3108913000118441001,,
zcrm_3108913000118510039,,
zcrm_3108913000118514067,,
zcrm_3108913000118515026,,
zcrm_3108913000118515027,,
zcrm_3108913000118518195,,
zcrm_3108913000118518196,,
zcrm_3108913000118622051,,
zcrm_3108913000118622074,,
zcrm_3108913000118623042,,
zcrm_3108913000118651010,,
zcrm_3108913000118693032,,
zcrm_3108913000118697039,,
zcrm_3108913000118697183,,
zcrm_3108913000118698104,,
zcrm_3108913000118727147,,
zcrm_3108913000118731040,,
zcrm_3108913000118804460,,
zcrm_3108913000118804865,,
zcrm_3108913000118804980,,
zcrm_3108913000118805688,,
zcrm_3108913000118806250,,
zcrm_3108913000118806974,,
zcrm_3108913000118806975,,
zcrm_3108913000118807714,,
zcrm_3108913000118808500,,
zcrm_3108913000118808501,,
zcrm_3108913000118808918,,
zcrm_3108913000118821451,,
zcrm_3108913000118825411,,
zcrm_3108913000118826278,,
zcrm_3108913000118839906,,
zcrm_3108913000118841524,,
zcrm_3108913000118843506,,
zcrm_3108913000118843517,,
zcrm_3108913000118856042,,
zcrm_3108913000118856805,,
zcrm_3108913000118856806,,
zcrm_3108913000118858206,,
zcrm_3108913000118858574,,
zcrm_3108913000118909649,,
zcrm_3108913000118913681,,
zcrm_3108913000118914852,,
zcrm_3108913000118918712,,
zcrm_3108913000118918713,,
zcrm_3108913000118918766,,
zcrm_3108913000118921018,,
zcrm_3108913000118921036,,
zcrm_3108913000118921037,,
zcrm_3108913000118921084,,
zcrm_3108913000118921085,,
zcrm_3108913000118922551,,
zcrm_3108913000118922559,,
zcrm_3108913000118922569,,
zcrm_3108913000118924255,,
zcrm_3108913000118924288,,
zcrm_3108913000118925009,,
zcrm_3108913000118925010,,
zcrm_3108913000118926630,,
zcrm_3108913000118926674,,
zcrm_3108913000118930300,,
zcrm_3108913000118930316,,
zcrm_3108913000118930409,,
zcrm_3108913000118930475,,
zcrm_3108913000118931294,,
zcrm_3108913000118931384,,
zcrm_3108913000118936271,,
zcrm_3108913000118936389,,
zcrm_3108913000118979002,,
zcrm_3108913000118988001,,
zcrm_3108913000118998006,,
zcrm_3108913000119062020,,
zcrm_3108913000119062021,,
zcrm_3108913000119062150,,
zcrm_3108913000119063123,,
zcrm_3108913000119063128,,
zcrm_3108913000119065021,,
zcrm_3108913000119065192,,
zcrm_3108913000119065252,,
zcrm_3108913000119070101,,
zcrm_3108913000119070107,,
zcrm_3108913000119071102,,
zcrm_3108913000119071140,,
zcrm_3108913000119074086,,
zcrm_3108913000119075107,,
zcrm_3108913000119078016,,
zcrm_3108913000119078048,,
zcrm_3108913000119082048,,
zcrm_3108913000119093028,,
zcrm_3108913000119093111,,
zcrm_3108913000119198006,,
zcrm_3108913000119203011,,
zcrm_3108913000119203088,,
zcrm_3108913000119217031,,
zcrm_3108913000119244203,,
zcrm_3108913000119251037,,
zcrm_3108913000119251132,,
zcrm_3108913000119252117,,
zcrm_3108913000119252122,,
zcrm_3108913000119252127,,
zcrm_3108913000119337079,,
zcrm_3108913000119337129,,
zcrm_3108913000119337166,,
zcrm_3108913000119337286,,
zcrm_3108913000119337313,,
zcrm_3108913000119337430,,
zcrm_3108913000119337503,,
zcrm_3108913000119339344,,
zcrm_3108913000119341166,,
zcrm_3108913000119341268,,
zcrm_3108913000119341351,,
zcrm_3108913000119344173,,
zcrm_3108913000119344192,,
zcrm_3108913000119345025,,
zcrm_3108913000119345260,,
zcrm_3108913000119345265,,
zcrm_3108913000119345273,,
zcrm_3108913000119345279,,
zcrm_3108913000119345316,,
zcrm_3108913000119345457,,
zcrm_3108913000119345522,,
zcrm_3108913000119347131,,
zcrm_3108913000119347301,,
zcrm_3108913000119350061,,
zcrm_3108913000119350125,,
zcrm_3108913000119350230,,
zcrm_3108913000119350369,,
zcrm_3108913000119352145,,
zcrm_3108913000119352150,,
zcrm_3108913000119352322,,
zcrm_3108913000119357182,,
zcrm_3108913000119357311,,
zcrm_3108913000119357436,,
zcrm_3108913000119357479,,
zcrm_3108913000119358267,,
zcrm_3108913000119358268,,
zcrm_3108913000119358323,,
zcrm_3108913000119360016,,
zcrm_3108913000119360209,,
zcrm_3108913000119361117,,
zcrm_3108913000119361384,,
zcrm_3108913000119362014,,
zcrm_3108913000119362022,,
zcrm_3108913000119362133,,
zcrm_3108913000119362223,,
zcrm_3108913000119362248,,
zcrm_3108913000119362366,,
zcrm_3108913000119366164,,
zcrm_3108913000119366351,,
zcrm_3108913000119368096,,
zcrm_3108913000119368409,,
zcrm_3108913000119374059,,
zcrm_3108913000119374217,,
zcrm_3108913000119374313,,
zcrm_3108913000119374381,,
zcrm_3108913000119374428,,
zcrm_3108913000119396007,,
zcrm_3108913000119396117,,
zcrm_3108913000119396208,,
zcrm_3108913000119396209,,
zcrm_3108913000119396283,,
zcrm_3108913000119396305,,
zcrm_3108913000119478013,,
zcrm_3108913000119488002,,
zcrm_3108913000119488007,,
zcrm_3108913000119560073,,
zcrm_3108913000119560138,,
zcrm_3108913000119562076,,
zcrm_3108913000119562134,,
zcrm_3108913000119563007,,
zcrm_3108913000119563155,,
zcrm_3108913000119564059,,
zcrm_3108913000119567053,,
zcrm_3108913000119567090,,
zcrm_3108913000119567138,,
zcrm_3108913000119569132,,
zcrm_3108913000119570195,,
zcrm_3108913000119586046,,
zcrm_3108913000119586120,,
zcrm_3108913000119586121,,
zcrm_3108913000119587154,,
zcrm_3108913000119589073,,
zcrm_3108913000119589182,,
zcrm_3108913000119595185,,
zcrm_3108913000119597203,,
zcrm_3108913000119597216,,
zcrm_3108913000119631065,,
zcrm_3108913000119633014,,
zcrm_3108913000119633062,,
zcrm_3108913000119667059,,
zcrm_3108913000119667060,,
zcrm_3108913000119667406,,
zcrm_3108913000119668247,,
zcrm_3108913000119668338,,
zcrm_3108913000119668489,,
zcrm_3108913000119668533,,
zcrm_3108913000119668538,,
zcrm_3108913000119683056,,
zcrm_3108913000119683176,,
zcrm_3108913000119683308,,
zcrm_3108913000119683340,,
zcrm_3108913000119683373,,
zcrm_3108913000119683477,,
zcrm_3108913000119684213,,
zcrm_3108913000119684343,,
zcrm_3108913000119687168,,
zcrm_3108913000119687204,,
zcrm_3108913000119694174,,
zcrm_3108913000119694227,,
zcrm_3108913000119695254,,
zcrm_3108913000119695297,,
zcrm_3108913000119697043,,
zcrm_3108913000119697087,,
zcrm_3108913000119698029,,
zcrm_3108913000119698285,,
zcrm_3108913000119698307,,
zcrm_3108913000119698406,,
zcrm_3108913000119699027,,
zcrm_3108913000119699102,,
zcrm_3108913000119699181,,
zcrm_3108913000119710095,,
zcrm_3108913000119710180,,
zcrm_3108913000119710243,,
zcrm_3108913000119710431,,
zcrm_3108913000119711061,,
zcrm_3108913000119712206,,
zcrm_3108913000119712343,,
zcrm_3108913000119720023,,
zcrm_3108913000119720075,,
zcrm_3108913000119720146,,
zcrm_3108913000119720296,,
zcrm_3108913000119721131,,
zcrm_3108913000119721136,,
zcrm_3108913000119721323,,
zcrm_3108913000119723035,,
zcrm_3108913000119723120,,
zcrm_3108913000119723149,,
zcrm_3108913000119723188,,
zcrm_3108913000119723211,,
zcrm_3108913000119723273,,
zcrm_3108913000119723305,,
zcrm_3108913000119723325,,
zcrm_3108913000119729116,,
zcrm_3108913000119729213,,
zcrm_3108913000119798036,,
zcrm_3108913000119833162,,
zcrm_3108913000119836026,,
zcrm_3108913000119836031,,
zcrm_3108913000119836120,,
zcrm_3108913000119837033,,
zcrm_3108913000119837058,,
zcrm_3108913000119838051,,
zcrm_3108913000119839110,,
zcrm_3108913000119841020,,
zcrm_3108913000119841025,,
zcrm_3108913000119844092,,
zcrm_3108913000119844119,,
zcrm_3108913000119845046,,
zcrm_3108913000119846132,,
zcrm_3108913000119847005,,
zcrm_3108913000119848005,,
zcrm_3108913000119848085,,
zcrm_3108913000119848152,,
zcrm_3108913000119849004,,
zcrm_3108913000119849084,,
zcrm_3108913000119849102,,
zcrm_3108913000119851061,,
zcrm_3108913000119851158,,
zcrm_3108913000119866089,,
zcrm_3108913000119866095,,
zcrm_3108913000119932027,,
zcrm_3108913000119943001,,
zcrm_3108913000120027009,,
zcrm_3108913000120027198,,
zcrm_3108913000120027199,,
zcrm_3108913000120031120,,
zcrm_3108913000120032185,,
zcrm_3108913000120032230,,
zcrm_3108913000120033205,,
zcrm_3108913000120033243,,
zcrm_3108913000120033253,,
zcrm_3108913000120035097,,
zcrm_3108913000120036044,,
zcrm_3108913000120036060,,
zcrm_3108913000120038233,,
zcrm_3108913000120039051,,
zcrm_3108913000120041006,,
zcrm_3108913000120043110,,
zcrm_3108913000120043187,,
zcrm_3108913000120052053,,
zcrm_3108913000120149014,,
zcrm_3108913000120155043,,
zcrm_3108913000120159046,,
zcrm_3108913000120159085,,
zcrm_3108913000120159086,,
zcrm_3108913000120164019,,
zcrm_3108913000120164020,,
zcrm_3108913000120164021,,
zcrm_3108913000120166080,,
zcrm_3108913000120166119,,
zcrm_3108913000120178076,,
zcrm_3108913000120181037,,
zcrm_3108913000120181059,,
zcrm_3108913000120181105,,
zcrm_3108913000120182188,,
zcrm_3108913000120195120,,
zcrm_3108913000120195144,,
zcrm_3108913000120195245,,
zcrm_3108913000120213058,,
zcrm_3108913000120258009,,
zcrm_3108913000120258023,,
zcrm_3108913000120295491,,
zcrm_3108913000120295529,,
zcrm_3108913000120299458,,
zcrm_3108913000120299501,,
zcrm_3108913000120299502,,
zcrm_3108913000120302390,,
zcrm_3108913000120302415,,
zcrm_3108913000120305414,,
zcrm_3108913000120311268,,
zcrm_3108913000120311419,,
zcrm_3108913000120327121,,
zcrm_3108913000120327504,,
zcrm_3108913000120327534,,
zcrm_3108913000120327553,,
zcrm_3108913000120331170,,
zcrm_3108913000120331346,,
zcrm_3108913000120331522,,
zcrm_3108913000120340017,,
zcrm_3108913000120340147,,
zcrm_3108913000120340291,,
zcrm_3108913000120340292,,
zcrm_3108913000120340371,,
zcrm_3108913000120340590,,
zcrm_3108913000120346199,,
zcrm_3108913000120347023,,
zcrm_3108913000120347158,,
zcrm_3108913000120347511,,
zcrm_3108913000120348270,,
zcrm_3108913000120348602,,
zcrm_3108913000120353057,,
zcrm_3108913000120353096,,
zcrm_3108913000120353571,,
zcrm_3108913000120355564,,
zcrm_3108913000120355679,,
zcrm_3108913000120357157,,
zcrm_3108913000120357158,,
zcrm_3108913000120479125,,
zcrm_3108913000120481194,,
zcrm_3108913000120481195,,
zcrm_3108913000120481196,,
zcrm_3108913000120497065,,
zcrm_3108913000120497153,,
zcrm_3108913000120498086,,
zcrm_3108913000120498087,,
zcrm_3108913000120498112,,
zcrm_3108913000120498179,,
zcrm_3108913000120499016,,
zcrm_3108913000120502088,,
zcrm_3108913000120525198,,
zcrm_3108913000120544072,,
zcrm_3108913000120575001,,
zcrm_3108913000120584065,,
zcrm_3108913000120587084,,
zcrm_3108913000120587197,,
zcrm_3108913000120589103,,
zcrm_3108913000120607048,,
zcrm_3108913000120610047,,
zcrm_3108913000120610084,,
zcrm_3108913000120611072,,
zcrm_3108913000120750002,,
zcrm_3108913000120751008,,
zcrm_3108913000120751047,,
zcrm_3108913000120751053,,
zcrm_3108913000120751064,,
zcrm_3108913000120752135,,
zcrm_3108913000120776068,,
zcrm_3108913000120776100,,
zcrm_3108913000120972039,,
zcrm_3108913000120973006,,
zcrm_3108913000120976041,,
zcrm_3108913000121009025,,
zcrm_3108913000121024161,,
zcrm_3108913000121024162,,
zcrm_3108913000121149288,,
zcrm_3108913000121151212,,
zcrm_3108913000121151220,,
zcrm_3108913000121152229,,
zcrm_3108913000121152541,,
zcrm_3108913000121152550,,
zcrm_3108913000121158342,,
zcrm_3108913000121159230,,
zcrm_3108913000121161242,,
zcrm_3108913000121161247,,
zcrm_3108913000121161248,,
zcrm_3108913000121166064,,
zcrm_3108913000121167327,,
zcrm_3108913000121168335,,
zcrm_3108913000121170415,,
zcrm_3108913000121174139,,
zcrm_3108913000121174302,,
zcrm_3108913000121174347,,
zcrm_3108913000121175012,,
zcrm_3108913000121175404,,
zcrm_3108913000121177252,,
zcrm_3108913000121178048,,
zcrm_3108913000121182330,,
zcrm_3108913000121191004,,
zcrm_3108913000121191267,,
zcrm_3108913000121191354,,
zcrm_3108913000121191380,,
zcrm_3108913000121273175,,
zcrm_3108913000121276044,,
zcrm_3108913000121276120,,
zcrm_3108913000121279106,,
zcrm_3108913000121282287,,
zcrm_3108913000121284020,,
zcrm_3108913000121284115,,
zcrm_3108913000121294182,,
zcrm_3108913000121295036,,
zcrm_3108913000121295037,,
zcrm_3108913000121298018,,
zcrm_3108913000121302028,,
zcrm_3108913000121302138,,
zcrm_3108913000121302143,,
zcrm_3108913000121303155,,
zcrm_3108913000121303160,,
zcrm_3108913000121312186,,
zcrm_3108913000121314170,,
zcrm_3108913000121381012,,
zcrm_3108913000121382064,,
zcrm_3108913000121382072,,
zcrm_3108913000121382229,,
zcrm_3108913000121382324,,
zcrm_3108913000121383245,,
zcrm_3108913000121384013,,
zcrm_3108913000121384168,,
zcrm_3108913000121384299,,
zcrm_3108913000121385097,,
zcrm_3108913000121385112,,
zcrm_3108913000121385123,,
zcrm_3108913000121386250,,
zcrm_3108913000121386291,,
zcrm_3108913000121386299,,
zcrm_3108913000121398138,,
zcrm_3108913000121398204,,
zcrm_3108913000121399121,,
zcrm_3108913000121399223,,
zcrm_3108913000121400020,,
zcrm_3108913000121402003,,
zcrm_3108913000121402013,,
zcrm_3108913000121402014,,
zcrm_3108913000121402052,,
zcrm_3108913000121402097,,
zcrm_3108913000121402174,,
zcrm_3108913000121406019,,
zcrm_3108913000121406090,,
zcrm_3108913000121406137,,
zcrm_3108913000121406152,,
zcrm_3108913000121406237,,
zcrm_3108913000121406242,,
zcrm_3108913000121406277,,
zcrm_3108913000121413039,,
zcrm_3108913000121413138,,
zcrm_3108913000121420179,,
zcrm_3108913000121420258,,
zcrm_3108913000121420264,,
zcrm_3108913000121420309,,
zcrm_3108913000121424027,,
zcrm_3108913000121424140,,
zcrm_3108913000121424286,,
zcrm_3108913000121432128,,
zcrm_3108913000121462043,,
zcrm_3108913000121462044,,
zcrm_3108913000121462126,,
zcrm_3108913000121462249,,
zcrm_3108913000121546144,,
zcrm_3108913000121546271,,
zcrm_3108913000121546355,,
zcrm_3108913000121547114,,
zcrm_3108913000121548103,,
zcrm_3108913000121548132,,
zcrm_3108913000121549013,,
zcrm_3108913000121549014,,
zcrm_3108913000121549083,,
zcrm_3108913000121549110,,
zcrm_3108913000121549169,,
zcrm_3108913000121550016,,
zcrm_3108913000121550213,,
zcrm_3108913000121552257,,
zcrm_3108913000121561186,,
zcrm_3108913000121561230,,
zcrm_3108913000121562025,,
zcrm_3108913000121562097,,
zcrm_3108913000121562194,,
zcrm_3108913000121563054,,
zcrm_3108913000121563113,,
zcrm_3108913000121573201,,
zcrm_3108913000121573299,,
zcrm_3108913000121579068,,
zcrm_3108913000121579110,,
zcrm_3108913000121584002,,
zcrm_3108913000121598044,,
zcrm_3108913000121598268,,
zcrm_3108913000121598302,,
zcrm_3108913000121609225,,
zcrm_3108913000121617014,,
zcrm_3108913000121619017,,
zcrm_3108913000121619031,,
zcrm_3108913000121619165,,
zcrm_3108913000121619196,,
zcrm_3108913000121756132,,
zcrm_3108913000121756339,,
zcrm_3108913000121759125,,
zcrm_3108913000121760308,,
zcrm_3108913000121766198,,
zcrm_3108913000121766262,,
zcrm_3108913000121766286,,
zcrm_3108913000121766369,,
zcrm_3108913000121772383,,
zcrm_3108913000121773045,,
zcrm_3108913000121776002,,
zcrm_3108913000121776148,,
zcrm_3108913000121776187,,
zcrm_3108913000121776188,,
zcrm_3108913000121784034,,
zcrm_3108913000121792226,,
zcrm_3108913000121792357,,
zcrm_3108913000121796024,,
zcrm_3108913000121796259,,
zcrm_3108913000121798111,,
zcrm_3108913000121798349,,
zcrm_3108913000121798437,,
zcrm_3108913000121798438,,
zcrm_3108913000121800019,,
zcrm_3108913000121802120,,
zcrm_3108913000121802206,,
zcrm_3108913000121809067,,
zcrm_3108913000121809089,,
zcrm_3108913000121812446,,
zcrm_3108913000121812451,,
zcrm_3108913000121812495,,
zcrm_3108913000121835182,,
zcrm_3108913000121835231,,
zcrm_3108913000121946001,,
zcrm_3108913000121946007,,
zcrm_3108913000121958025,,
zcrm_3108913000121990016,,
zcrm_3108913000121990066,,
zcrm_3108913000121990067,,
zcrm_3108913000121997080,,
zcrm_3108913000121998010,,
zcrm_3108913000121999051,,
zcrm_3108913000122008094,,
zcrm_3108913000122010097,,
zcrm_3108913000122021133,,
zcrm_3108913000122115021,,
zcrm_3108913000122121001,,
zcrm_3108913000122155001,,
zcrm_3108913000122159015,,
zcrm_3108913000122172023,,
zcrm_3108913000122177001,,
zcrm_3108913000122214028,,
zcrm_3108913000122215085,,
zcrm_3108913000122215121,,
zcrm_3108913000122219063,,
zcrm_3108913000122222186,,
zcrm_3108913000122225065,,
zcrm_3108913000122228094,,
zcrm_3108913000122230050,,
zcrm_3108913000122230209,,
zcrm_3108913000122235029,,
zcrm_3108913000122236028,,
zcrm_3108913000122246184,,
zcrm_3108913000122249036,,
zcrm_3108913000122396045,,
zcrm_3108913000122397064,,
zcrm_3108913000122433001,,
zcrm_3108913000122463092,,
zcrm_3108913000122485001,,
zcrm_3108913000122485013,,
zcrm_3108913000122559020,,
zcrm_3108913000122561023,,
zcrm_3108913000122564131,,
zcrm_3108913000122565084,,
zcrm_3108913000122566001,,
zcrm_3108913000122578079,,
zcrm_3108913000122584062,,
zcrm_3108913000122597118,,
zcrm_3108913000122597128,,
zcrm_3108913000122626083,,
zcrm_3108913000122700032,,
zcrm_3108913000122709002,,
zcrm_3108913000122719026,,
zcrm_3108913000122725031,,
zcrm_3108913000122759003,,
zcrm_3108913000122802025,,
zcrm_3108913000122807021,,
zcrm_3108913000122809049,,
zcrm_3108913000122810043,,
zcrm_3108913000122897023,,
zcrm_3108913000122906080,,
zcrm_3108913000122924058,,
zcrm_3108913000122924059,,
zcrm_3108913000122936089,,
zcrm_3108913000123006066,,
zcrm_3108913000123013094,,
zcrm_3108913000123014064,,
zcrm_3108913000123017082,,
zcrm_3108913000123027042,,
zcrm_3108913000123104018,,
zcrm_3108913000123108096,,
zcrm_3108913000123108149,,
zcrm_3108913000123109190,,
zcrm_3108913000123114057,,
zcrm_3108913000123114064,,
zcrm_3108913000123122132,,
zcrm_3108913000123225034,,
zcrm_3108913000123227091,,
zcrm_3108913000123232096,,
zcrm_3108913000123236055,,
zcrm_3108913000123239123,,
zcrm_3108913000123242044,,
zcrm_3108913000123243063,,
zcrm_3108913000123260080,,
zcrm_3108913000123260081,,
zcrm_3108913000123319006,,
zcrm_3108913000123402121,,
zcrm_3108913000123405002,,
zcrm_3108913000123423001,,
zcrm_3108913000123507131,,
zcrm_3108913000123512105,,
zcrm_3108913000123512106,,
zcrm_3108913000123514027,,
zcrm_3108913000123514028,,
zcrm_3108913000123514029,,
zcrm_3108913000123514030,,
zcrm_3108913000123522031,,
zcrm_3108913000123522032,,
zcrm_3108913000123621040,,
zcrm_3108913000123621077,,
zcrm_3108913000123627007,,
zcrm_3108913000123628148,,
zcrm_3108913000123628209,,
zcrm_3108913000123637163,,
zcrm_3108913000123637164,,
zcrm_3108913000123643017,,
zcrm_3108913000123645055,,
zcrm_3108913000123646020,,
zcrm_3108913000123646021,,
zcrm_3108913000123671062,,
zcrm_3108913000123739081,,
zcrm_3108913000123739141,,
zcrm_3108913000123741095,,
zcrm_3108913000123741096,,
zcrm_3108913000123741142,,
zcrm_3108913000123742122,,
zcrm_3108913000123742190,,
zcrm_3108913000123742196,,
zcrm_3108913000123743132,,
zcrm_3108913000123754097,,
zcrm_3108913000123756092,,
zcrm_3108913000123764076,,
zcrm_3108913000123764077,,
zcrm_3108913000123764139,,
zcrm_3108913000123765128,,
zcrm_3108913000123771158,,
zcrm_3108913000123777070,,
zcrm_3108913000123777202,,
zcrm_3108913000123783155,,
zcrm_3108913000123788087,,
zcrm_3108913000123802258,,
zcrm_3108913000123805088,,
zcrm_3108913000123805089,,
zcrm_3108913000123805090,,
zcrm_3108913000123805163,,
zcrm_3108913000123858008,,
zcrm_3108913000123858084,,
zcrm_3108913000123859072,,
zcrm_3108913000123860096,,
zcrm_3108913000123860140,,
zcrm_3108913000123910213,,
zcrm_3108913000123910224,,
zcrm_3108913000123911067,,
zcrm_3108913000123912124,,
zcrm_3108913000123917167,,
zcrm_3108913000123918052,,
zcrm_3108913000123918062,,
zcrm_3108913000123920082,,
zcrm_3108913000123920135,,
zcrm_3108913000123920198,,
zcrm_3108913000123921079,,
zcrm_3108913000123921203,,
zcrm_3108913000123928045,,
zcrm_3108913000123928156,,
zcrm_3108913000123929002,,
zcrm_3108913000123929122,,
zcrm_3108913000123935110,,
zcrm_3108913000123935146,,
zcrm_3108913000123938006,,
zcrm_3108913000123942034,,
zcrm_3108913000123982018,,
zcrm_3108913000123982042,,
zcrm_3108913000123983028,,
zcrm_3108913000123983080,,
zcrm_3108913000123984282,,
zcrm_3108913000123984322,,
zcrm_3108913000123984328,,
zcrm_3108913000123986065,,
zcrm_3108913000123986098,,
zcrm_3108913000123986154,,
zcrm_3108913000123986298,,
zcrm_3108913000123990238,,
zcrm_3108913000123990249,,
zcrm_3108913000123990272,,
zcrm_3108913000123992035,,
zcrm_3108913000123992120,,
zcrm_3108913000123992275,,
zcrm_3108913000123993081,,
zcrm_3108913000123993378,,
zcrm_3108913000123996072,,
zcrm_3108913000123996136,,
zcrm_3108913000123996342,,
zcrm_3108913000123997041,,
zcrm_3108913000123997051,,
zcrm_3108913000123997327,,
zcrm_3108913000123997333,,
zcrm_3108913000123997403,,
zcrm_3108913000123997449,,
zcrm_3108913000123999106,,
zcrm_3108913000123999236,,
zcrm_3108913000123999285,,
zcrm_3108913000123999357,,
zcrm_3108913000124000176,,
zcrm_3108913000124003080,,
zcrm_3108913000124003326,,
zcrm_3108913000124003399,,
zcrm_3108913000124006063,,
zcrm_3108913000124006102,,
zcrm_3108913000124006145,,
zcrm_3108913000124013223,,
zcrm_3108913000124013344,,
zcrm_3108913000124023155,,
zcrm_3108913000124023297,,
zcrm_3108913000124027180,,
zcrm_3108913000124027295,,
zcrm_3108913000124139001,,
zcrm_3108913000124159009,,
zcrm_3108913000124222077,,
zcrm_3108913000124223047,,
zcrm_3108913000124223064,,
zcrm_3108913000124224129,,
zcrm_3108913000124224134,,
zcrm_3108913000124226133,,
zcrm_3108913000124228120,,
zcrm_3108913000124229099,,
zcrm_3108913000124231078,,
zcrm_3108913000124231083,,
zcrm_3108913000124231118,,
zcrm_3108913000124250005,,
zcrm_3108913000124270129,,
zcrm_3108913000124292092,,
zcrm_3108913000124395051,,
zcrm_3108913000124396162,,
zcrm_3108913000124400044,,
zcrm_3108913000124401083,,
zcrm_3108913000124403073,,
zcrm_3108913000124403074,,
zcrm_3108913000124403082,,
zcrm_3108913000124403147,,
zcrm_3108913000124406074,,
zcrm_3108913000124411060,,
zcrm_3108913000124415017,,
zcrm_3108913000124430004,,
zcrm_3108913000124518003,,
zcrm_3108913000124533059,,
zcrm_3108913000124539175,,
zcrm_3108913000124539176,,
zcrm_3108913000124539177,,
zcrm_3108913000124543131,,
zcrm_3108913000124551091,,
zcrm_3108913000124551207,,
zcrm_3108913000124566133,,
zcrm_3108913000124569016,,
zcrm_3108913000124569058,,
zcrm_3108913000124588026,,
zcrm_3108913000124588137,,
zcrm_3108913000124589010,,
zcrm_3108913000124645002,,
zcrm_3108913000124645003,,
zcrm_3108913000124645161,,
zcrm_3108913000124650052,,
zcrm_3108913000124654007,,
zcrm_3108913000124659143,,
zcrm_3108913000124667110,,
zcrm_3108913000124667121,,
zcrm_3108913000124667132,,
zcrm_3108913000124667140,,
zcrm_3108913000124667146,,
zcrm_3108913000124669113,,
zcrm_3108913000124672072,,
zcrm_3108913000124672139,,
zcrm_3108913000124683004,,
zcrm_3108913000124686026,,
zcrm_3108913000124709124,,
zcrm_3108913000124716060,,
zcrm_3108913000124729022,,
zcrm_3108913000124787001,,
zcrm_3108913000124855090,,
zcrm_3108913000124856044,,
zcrm_3108913000124856075,,
zcrm_3108913000124856238,,
zcrm_3108913000124856270,,
zcrm_3108913000124858193,,
zcrm_3108913000124858296,,
zcrm_3108913000124860192,,
zcrm_3108913000124861069,,
zcrm_3108913000124861094,,
zcrm_3108913000124861155,,
zcrm_3108913000124861218,,
zcrm_3108913000124862235,,
zcrm_3108913000124862456,,
zcrm_3108913000124865027,,
zcrm_3108913000124865186,,
zcrm_3108913000124866273,,
zcrm_3108913000124866280,,
zcrm_3108913000124866345,,
zcrm_3108913000124866368,,
zcrm_3108913000124867091,,
zcrm_3108913000124868193,,
zcrm_3108913000124868240,,
zcrm_3108913000124869101,,
zcrm_3108913000124869353,,
zcrm_3108913000124871045,,
zcrm_3108913000124871254,,
zcrm_3108913000124873037,,
zcrm_3108913000124873130,,
zcrm_3108913000124873396,,
zcrm_3108913000124876177,,
zcrm_3108913000124880133,,
zcrm_3108913000124894013,,
zcrm_3108913000124894098,,
zcrm_3108913000125000058,,
zcrm_3108913000125001073,,
zcrm_3108913000125008109,,
zcrm_3108913000125011024,,
zcrm_3108913000125041056,,
zcrm_3108913000125041100,,
zcrm_3108913000125045115,,
zcrm_3108913000125115075,,
zcrm_3108913000125115094,,
zcrm_3108913000125126080,,
zcrm_3108913000125134280,,
zcrm_3108913000125147090,,
zcrm_3108913000125151082,,
zcrm_3108913000125163047,,
zcrm_3108913000125167164,,
zcrm_3108913000125184013,,
zcrm_3108913000125184014,,
zcrm_3108913000125184035,,
zcrm_3108913000125184255,,
